Aste_btd_B3_o01,gtccctgcctctatatctttGTCATGAAACTAGGTGAAGCCATCA
Aste_btd_B3_e01,TTGTTCCACTGGTGATTGTGATACTccactcaactttaacccgtt
Aste_btd_B3_o02,gtccctgcctctatatctttAGACTACTAACCGACGGTGGCTGTG
Aste_btd_B3_e02,GCCGAACCTACGGACGCCACCGATCccactcaactttaacccgtt
Aste_btd_B3_o03,gtccctgcctctatatctttGGACCACCGACGGTACTGAAGCTAC
Aste_btd_B3_e03,AGGGCGACGGCCGATCCGTGATTTCccactcaactttaacccgtt
Aste_btd_B3_o04,gtccctgcctctatatctttGCTGCCGCTGCGGCTGCCGTTACGT
Aste_btd_B3_e04,GATGCGGCCGCACTGGATGCGGCTGccactcaactttaacccgtt
Aste_btd_B3_o05,gtccctgcctctatatctttGCATACGACGGATAGTGCATGGCTT
Aste_btd_B3_e05,TTGTAGTAGCTGGCAGGACTGTACGccactcaactttaacccgtt
Aste_btd_B3_o06,gtccctgcctctatatctttTACGCGTCCGCACCGTGCCAGCCGG
Aste_btd_B3_e06,TGCGAGTACTCCTCCAGCTTGAGACccactcaactttaacccgtt
Aste_btd_B3_o07,gtccctgcctctatatctttACGACCGGTGGCAGCCCGGACAACT
Aste_btd_B3_e07,TGCCGCTTGCCCTTCTCATCCGGACccactcaactttaacccgtt
Aste_btd_B3_o08,gtccctgcctctatatctttCTTGCTACAGATCGTGCAGGTAAAC
Aste_btd_B3_e08,GGCGAGATGGTCGCTGCGCATAAACccactcaactttaacccgtt
Aste_btd_B3_o09,gtccctgcctctatatctttGCGTCGCATCTTCGCCTCCTCCAGC
Aste_btd_B3_e09,TTCGAGCGATTTTAGTTTCGTTTCCccactcaactttaacccgtt
Aste_btd_B3_o10,gtccctgcctctatatctttCAGCTTCGGGCGCTTGGCCGTGGTT
Aste_btd_B3_e10,ACGTGACTCACCCCCATCCCTGGCGccactcaactttaacccgtt
Aste_btd_B3_o11,gtccctgcctctatatctttGCTGTGATGCTGGTGCTGCTGGTGC
Aste_btd_B3_e11,GATGTCCTCCAGCATGGTGGACGTTccactcaactttaacccgtt
Aste_btd_B3_o12,gtccctgcctctatatctttACCGGTCGGCGGTGGCGTCAGGACA
Aste_btd_B3_e12,CGCTGCTGTTGCCGAGGTTGGCGAGccactcaactttaacccgtt
Aste_btd_B3_o13,gtccctgcctctatatctttGGAAGAAGGGACTCTGGAAGTATGA
Aste_btd_B3_e13,TGCCCGTGCCGACGTCGGCACTCGCccactcaactttaacccgtt
Aste_btd_B3_o14,gtccctgcctctatatctttCTCCATGATGGCTACTACCGTGACC
Aste_btd_B3_e14,TGCCACCACCTAGCCGCAGATTGTTccactcaactttaacccgtt
Aste_btd_B3_o15,gtccctgcctctatatctttCCTCCAACTTTACCAAACTGTTGCT
Aste_btd_B3_e15,CACCGAGACCATGCCCGTTGGCATAccactcaactttaacccgtt
Aste_btd_B3_o16,gtccctgcctctatatctttACGTGGTTGTTGAGGGTGTTGGTGT
Aste_btd_B3_e16,TGGTACAGCGGGGCACCGTGAGGTAccactcaactttaacccgtt
Aste_btd_B3_o17,gtccctgcctctatatctttGCGGATGGCATCCCAACACCACCAC
Aste_btd_B3_e17,TCGTAGGGTGAGATGCTTCCATAGGccactcaactttaacccgtt
Aste_btd_B3_o18,gtccctgcctctatatctttTGGGACGATGACGCCGACGTGGAGT
Aste_btd_B3_e18,ATCATCATGTTGTAGGTGGAGGCCAccactcaactttaacccgtt
Aste_btd_B3_o19,gtccctgcctctatatctttTGCTGTTGGTGCTGATGGTGATGAT
Aste_btd_B3_e19,TGTTGATTGAGAAGCTGTTGCTGCTccactcaactttaacccgtt
Aste_btd_B3_o20,gtccctgcctctatatctttTGCGCTGTAAGGTTGAGCTGAAGTT
Aste_btd_B3_e20,GTGGCGGTCGCACCGGCGTTCGCCTccactcaactttaacccgtt
Aste_eve_B5_o01,ctcactcccaatctctataaCGAACAAACACGCACATTGGCTGGG
Aste_eve_B5_e01,CCGTGAAAGTGTGATAATTTCCTACctaccctacaaatccaataa
Aste_eve_B5_o02,ctcactcccaatctctataaCGCTCCTAATTCATAAAGCACAAAC
Aste_eve_B5_e02,CGACGCTAAACGGTTGGTATCGGCGctaccctacaaatccaataa
Aste_eve_B5_o03,ctcactcccaatctctataaTCTGATTTTGCAGAAGTTGCTCAAC
Aste_eve_B5_e03,CACTTCAATATCCGTTCGTCACAATctaccctacaaatccaataa
Aste_eve_B5_o04,ctcactcccaatctctataaCGCGATGCTGCAGTGCATCCATGCC
Aste_eve_B5_e04,GGTCGACGGCTAATCCTACGCTTGActaccctacaaatccaataa
Aste_eve_B5_o05,ctcactcccaatctctataaTAGTGGAGATAATGGAGGCGACGCC
Aste_eve_B5_e05,CGAGGAAGGTGGACTGTTGCAGTCGctaccctacaaatccaataa
Aste_eve_B5_o06,ctcactcccaatctctataaCGCCGGACAGATGGGTCCAGGGGCG
Aste_eve_B5_e06,TGGTCGCGGGTAAAGGCGGTTCGGTctaccctacaaatccaataa
Aste_eve_B5_o07,ctcactcccaatctctataaGTCGCGAGACGTAGTTTTCCTTGTA
Aste_eve_B5_e07,GCTGTGCGGCCAGCTCGCAGCGACGctaccctacaaatccaataa
Aste_eve_B5_o08,ctcactcccaatctctataaCATGCGGCGATTCTGAAACCAAACC
Aste_eve_B5_e08,CACCGCTATCCGTTGCCGTTTGTCCctaccctacaaatccaataa
Aste_eve_B5_o09,ctcactcccaatctctataaATCGAGGCGGCAAACGCCGGATCCG
Aste_eve_B5_e09,CCGACCGAGTTGGCAGCTGCCTGCActaccctacaaatccaataa
Aste_eve_B5_o10,ctcactcccaatctctataaTAACTGGCATCTGGGTGAGCATGGG
Aste_eve_B5_e10,TCGCACCCGGCACTACCGGCGGCGGctaccctacaaatccaataa
Aste_eve_B5_o11,ctcactcccaatctctataaGCGGGGGTAGCCGTAAGCGGTGAAG
Aste_eve_B5_e11,GCGCTGCGGGAGCGGATACGGTGTGctaccctacaaatccaataa
Aste_eve_B5_o12,ctcactcccaatctctataaGGAGCCGTCGGTCCGGTGACGGGTG
Aste_eve_B5_e12,ATGGAGTTCGCCGCTGGATACACTCctaccctacaaatccaataa
Aste_eve_B5_o13,ctcactcccaatctctataaGCATGCTGAGTGGTGCGTACTGCGA
Aste_eve_B5_e13,TGTCCTGCGGTGGTGTTTGAGCCTTctaccctacaaatccaataa
Aste_eve_B5_o14,ctcactcccaatctctataaAGGGCTTCGGCCTTGGTGGTGAAGA
Aste_eve_B5_e14,CGAGAGTGCCGAATGGGGCGATGCActaccctacaaatccaataa
Aste_eve_B5_o15,ctcactcccaatctctataaTTTGAGGTCGATGCGGAAGTGTCAA
Aste_eve_B5_e15,ACCGGACTGACGCTGGCGTTGCTCGctaccctacaaatccaataa
Aste_eve_B5_o16,ctcactcccaatctctataaCGGCGGCGGCCGCTAGCAACAGTCC
Aste_eve_B5_e16,GGCTAACTGACTGGTTGACGACGGCctaccctacaaatccaataa
Aste_eve_B5_o17,ctcactcccaatctctataaGCTTGAACAGTTTCGGTTTTTCCGG
Aste_eve_B5_e17,GATTTGATTACGCTTCGCACTTGTActaccctacaaatccaataa
Aste_eve_B5_o18,ctcactcccaatctctataaCCGTGCGTTACAACACGTCAACCCG
Aste_eve_B5_e18,GCTATGCGTTTGATACAAACGCGAActaccctacaaatccaataa
Aste_eve_B5_o19,ctcactcccaatctctataaGAGTTCTTACAGGGTACATGGTAAA
Aste_eve_B5_e19,ACGTTGCCTTTTACATCCGTTTGTCctaccctacaaatccaataa
Aste_eve_B5_o20,ctcactcccaatctctataaCGACCTGGCAAGTTCGATTAATTTT
Aste_eve_B5_e20,GGTTGGTTTTACTCTTTCGTAGTAGctaccctacaaatccaataa
Aste_slp2_B1_o01,gaggagggcagcaaacggaaGTTAGCGAGCTGAAGTTGTTCTGAG
Aste_slp2_B1_e01,GGTGCGGACGGCGTGTCTGTGTTTAgaagagtcttcctttacgta
Aste_slp2_B1_o02,gaggagggcagcaaacggaaAGATCATAACGCGTTTGCTTGCGAG
Aste_slp2_B1_e02,GCACTGGTAATAATCGTAACGGACGgaagagtcttcctttacgta
Aste_slp2_B1_o03,gaggagggcagcaaacggaaTGCAATTGCTTGCTGAGCAATCCAA
Aste_slp2_B1_e03,CACGGATGATCGCTTCGTCGATCAGgaagagtcttcctttacgta
Aste_slp2_B1_o04,gaggagggcagcaaacggaaCTTCACTTCGATCGTCTTTGTTCAA
Aste_slp2_B1_e04,CTACACACGGAAACGGGAAACGAATgaagagtcttcctttacgta
Aste_slp2_B1_o05,gaggagggcagcaaacggaaGACCGTTCATCATGGTGGGCTCGAT
Aste_slp2_B1_e05,GTGCCCGCGCCACGCCGAACATCGTgaagagtcttcctttacgta
Aste_slp2_B1_o06,gaggagggcagcaaacggaaGGGAGGGCGTCGGCGACGGTGACGA
Aste_slp2_B1_e06,TCGGTGACGGGCAGGACTGGAGCGTgaagagtcttcctttacgta
Aste_slp2_B1_o07,gaggagggcagcaaacggaaTCGGTGGCGGTGTGCCGGTCACGTC
Aste_slp2_B1_e07,CCGACTTGTCCTTGCTGCTGCAATCgaagagtcttcctttacgta
Aste_slp2_B1_o08,gaggagggcagcaaacggaaCCTTCTTCTCCCCATCCTTGGCGGG
Aste_slp2_B1_e08,TGTAGCTGTATGGGGGTTTCTCGTTgaagagtcttcctttacgta
Aste_slp2_B1_o09,gaggagggcagcaaacggaaCCGGGGTCGTCGTAATGCCGCGGAA
Aste_slp2_B1_e09,GGGTCCAGCATCCAGTAGTTACCCTgaagagtcttcctttacgta
Aste_slp2_B1_o10,gaggagggcagcaaacggaaCGACTGCGAGAGGCGGCAGTCGAAC
Aste_slp2_B1_e10,ACGAGCGAACGCTTGAAGGCGGCTAgaagagtcttcctttacgta
Aste_slp2_B1_o11,gaggagggcagcaaacggaaTGGGCTTGGGCCGCGTGTGAGGGAT
Aste_slp2_B1_e11,TACATCTGGGCGGCTAGCAGTGCCGgaagagtcttcctttacgta
Aste_slp2_B1_o12,gaggagggcagcaaacggaaACGGCACCGAGCGGAAGCGGGAGTG
Aste_slp2_B1_e12,AGCCGATCCATACCGAACCCGGATCgaagagtcttcctttacgta
Aste_slp2_B1_o13,gaggagggcagcaaacggaaTGAGGACTGTTGCCCATCGGGGACT
Aste_slp2_B1_e13,CTTTGGTAGATTTCGGCCTGCTGTGgaagagtcttcctttacgta
Aste_slp2_B1_o14,gaggagggcagcaaacggaaTGATGAGCTTGGGCGGCTGCGGCGG
Aste_slp2_B1_e14,TGATGATGTGCTGCGGCCGCCGCTTgaagagtcttcctttacgta
Aste_slp2_B1_o15,gaggagggcagcaaacggaaGGATGCGTTCCTTCGCTGGCGGTGG
Aste_slp2_B1_e15,TGCTGGTGAGGATGGTGCGGCGAACgaagagtcttcctttacgta
Aste_slp2_B1_o16,gaggagggcagcaaacggaaCCGGGGCCCGTCGGTGACCCGTGTC
Aste_slp2_B1_e16,AGCGTGATCGGTTTGAAGATCATTGgaagagtcttcctttacgta
Aste_slp2_B1_o17,gaggagggcagcaaacggaaTGCCACCGTTGAGTTTGTGTTGCAC
Aste_slp2_B1_e17,AATTGCTACTATCACTGGTCGGGCGgaagagtcttcctttacgta
Aste_slp2_B1_o18,gaggagggcagcaaacggaaTTCCCCTAAGCTTGGTGCTTGTTGC
Aste_slp2_B1_e18,GGCACAACACTTTTGGTAAAGAGTAgaagagtcttcctttacgta
Aste_slp2_B1_o19,gaggagggcagcaaacggaaGGGTGGGAAAAACCTAACCGATATA
Aste_slp2_B1_e19,CACTTGTGGCGCTATGTTTCCGGGGgaagagtcttcctttacgta
Aste_slp2_B1_o20,gaggagggcagcaaacggaaTTTATCTTCCCTATCGCGCTATATG
Aste_slp2_B1_e20,TTCGACACGATCCGCATTCTTTTATgaagagtcttcctttacgta
